id,first_name,last_name,email,gender
1,Saundra,Martygin,smartygin0@zimbio.com,Female
2,Jeramey,Bapty,jbapty1@unc.edu,Male
3,Gonzalo,Cavey,gcavey2@europa.eu,Male
4,Pail,Nunan,pnunan3@miitbeian.gov.cn,Male
5,Miran,Andrey,mandrey4@unblog.fr,Female
6,Perceval,Keepin,pkeepin5@webeden.co.uk,Male
7,Padraic,De Laspee,pdelaspee6@bloglines.com,Non-binary
8,Ora,Gosford,ogosford7@taobao.com,Female
9,Minta,Menichini,mmenichini8@earthlink.net,Female
10,Jasmine,Marchbank,jmarchbank9@earthlink.net,Female
11,Smitty,Dreinan,sdreinana@msn.com,Male
12,Roze,McDoual,rmcdoualb@tiny.cc,Female
13,Hagen,Wells,hwellsc@twitpic.com,Male
14,Bunny,Shier,bshierd@usgs.gov,Female
15,Van,Whitefoot,vwhitefoote@homestead.com,Male
16,Hinda,Abelovitz,habelovitzf@omniture.com,Female
17,Chiquia,Befroy,cbefroyg@newyorker.com,Female
18,Ferrel,Cannell,fcannellh@imdb.com,Polygender
19,Reese,Baughn,rbaughni@friendfeed.com,Male
20,Jemmy,Robbel,jrobbelj@barnesandnoble.com,Female
21,Nollie,Kightly,nkightlyk@etsy.com,Male
22,Octavia,Coalbran,ocoalbranl@samsung.com,Female
23,Carline,Tussaine,ctussainem@eventbrite.com,Female
24,Kendrick,Hattigan,khattigann@fda.gov,Male
25,Skippy,Bewshaw,sbewshawo@illinois.edu,Male
26,Clayborne,Shannon,cshannonp@wix.com,Male
27,Petronia,Tydd,ptyddq@cyberchimps.com,Female
28,Tully,Goldman,tgoldmanr@wp.com,Male
29,Alfred,MacConnulty,amacconnultys@ucsd.edu,Male
30,Skipton,Wenden,swendent@craigslist.org,Agender
31,Kip,Tickner,ktickneru@ameblo.jp,Female
32,Karmen,MacDuff,kmacduffv@reference.com,Female
33,Anestassia,Carnilian,acarnilianw@4shared.com,Female
34,Roxanne,Goodsir,rgoodsirx@cloudflare.com,Female
35,Luella,Fontell,lfontelly@miibeian.gov.cn,Genderqueer
36,Bekki,Saphin,bsaphinz@aol.com,Female
37,Gena,Myhill,gmyhill10@google.com.br,Female
38,Ermina,Vinsen,evinsen11@parallels.com,Female
39,Gaynor,Rosenblath,grosenblath12@cbc.ca,Female
40,Hamid,Pitkeathley,hpitkeathley13@flickr.com,Male
41,Doretta,Pell,dpell14@un.org,Non-binary
42,Bail,Baiden,bbaiden15@google.pl,Male
43,Humphrey,Oake,hoake16@fc2.com,Male
44,Anthony,Craigs,acraigs17@dagondesign.com,Male
45,Mildred,Tonbye,mtonbye18@eepurl.com,Female
46,Lucina,Van Hove,lvanhove19@freewebs.com,Female
47,Ignace,Mabbot,imabbot1a@networkadvertising.org,Male
48,Selestina,Grenter,sgrenter1b@163.com,Female
49,Jacquenetta,Blabey,jblabey1c@springer.com,Female
50,Fidelio,Thorold,fthorold1d@uol.com.br,Male
51,Ross,Roseborough,rroseborough1e@comcast.net,Male
52,Hagen,Pybus,hpybus1f@amazon.de,Male
53,Amalia,Marzelo,amarzelo1g@homestead.com,Female
54,Eugen,Wellstead,ewellstead1h@pcworld.com,Male
55,Chickie,Hanalan,chanalan1i@w3.org,Female
56,Marsha,Squire,msquire1j@woothemes.com,Female
57,Gardie,Matthewes,gmatthewes1k@chronoengine.com,Male
58,Tracey,Unwin,tunwin1l@g.co,Bigender
59,Ethe,MacGowan,emacgowan1m@multiply.com,Male
60,Antons,Laurance,alaurance1n@weebly.com,Male
61,Pete,Borth,pborth1o@odnoklassniki.ru,Male
62,Augie,Kundt,akundt1p@arizona.edu,Male
63,Daile,Birkinshaw,dbirkinshaw1q@miitbeian.gov.cn,Female
64,Ephraim,Haulkham,ehaulkham1r@webeden.co.uk,Male
65,Laughton,Mussetti,lmussetti1s@springer.com,Male
66,Kendal,Harrald,kharrald1t@businessinsider.com,Male
67,Jere,Tinniswood,jtinniswood1u@addthis.com,Male
68,Thadeus,Danaher,tdanaher1v@icq.com,Male
69,Armand,Ebhardt,aebhardt1w@sina.com.cn,Male
70,Neddie,Frostdicke,nfrostdicke1x@cyberchimps.com,Male
71,Leigha,MacKowle,lmackowle1y@amazon.com,Female
72,Nickie,Fredi,nfredi1z@so-net.ne.jp,Female
73,Curtice,Joris,cjoris20@who.int,Male
74,Chrysa,Houseago,chouseago21@walmart.com,Female
75,Kimbra,Cancutt,kcancutt22@zdnet.com,Female
76,Shari,Paddington,spaddington23@flickr.com,Female
77,Cy,Tasseler,ctasseler24@tinypic.com,Male
78,Rana,Giraudat,rgiraudat25@gravatar.com,Bigender
79,Carmela,Frankiewicz,cfrankiewicz26@homestead.com,Female
80,Pierce,Nouch,pnouch27@webeden.co.uk,Male
81,Alaric,Stonebridge,astonebridge28@typepad.com,Male
82,Bari,Waadenburg,bwaadenburg29@telegraph.co.uk,Female
83,Jaquenette,Kivits,jkivits2a@list-manage.com,Female
84,Felipe,Gillbe,fgillbe2b@ustream.tv,Male
85,Tillie,Wane,twane2c@reverbnation.com,Female
86,Dar,Beacock,dbeacock2d@adobe.com,Male
87,Thalia,Marousek,tmarousek2e@mozilla.com,Female
88,Sandy,Whyborne,swhyborne2f@etsy.com,Male
89,Sharon,Costanza,scostanza2g@printfriendly.com,Female
90,Devora,Splain,dsplain2h@hatena.ne.jp,Female
91,Vinson,Ryde,vryde2i@e-recht24.de,Male
92,Taylor,O'Hartagan,tohartagan2j@tumblr.com,Male
93,Aristotle,Redmain,aredmain2k@china.com.cn,Male
94,Rici,Lippiello,rlippiello2l@cam.ac.uk,Female
95,Glynis,Sines,gsines2m@cargocollective.com,Female
96,Dodi,Tooby,dtooby2n@buzzfeed.com,Female
97,Blair,Windows,bwindows2o@imdb.com,Female
98,Toby,Sancto,tsancto2p@blogs.com,Non-binary
99,Emelen,Gouly,egouly2q@microsoft.com,Male
100,Giuseppe,Ringe,gringe2r@booking.com,Male
101,Dorothea,Rodd,drodd2s@jugem.jp,Female
102,Aaren,Nadin,anadin2t@berkeley.edu,Female
103,Karil,Cestard,kcestard2u@mozilla.com,Female
104,Annice,Lehemann,alehemann2v@quantcast.com,Female
105,Des,Marson,dmarson2w@cam.ac.uk,Male
106,Dalis,Bartolomucci,dbartolomucci2x@zdnet.com,Male
107,Eugine,McCook,emccook2y@deliciousdays.com,Female
108,Catlaina,Flippen,cflippen2z@shop-pro.jp,Female
109,Ody,Mayman,omayman30@rambler.ru,Male
110,Job,Folland,jfolland31@wsj.com,Male
111,Liesa,Hawgood,lhawgood32@buzzfeed.com,Female
112,Stefania,Higbin,shigbin33@phoca.cz,Female
113,Brana,Ottey,bottey34@hostgator.com,Female
114,Wandie,Edel,wedel35@google.it,Female
115,Phil,Challener,pchallener36@jimdo.com,Female
116,Ephrayim,Mikalski,emikalski37@51.la,Polygender
117,Sherwin,Cicchillo,scicchillo38@bloglovin.com,Male
118,Galven,Trorey,gtrorey39@ocn.ne.jp,Male
119,Cletus,Adamthwaite,cadamthwaite3a@ucla.edu,Male
120,Edan,Baress,ebaress3b@spotify.com,Male
121,Monti,Mound,mmound3c@hubpages.com,Male
122,Bette-ann,Wilcox,bwilcox3d@tmall.com,Female
123,Adolpho,Blyth,ablyth3e@technorati.com,Male
124,Cammie,Rampage,crampage3f@uiuc.edu,Female
125,Adlai,Hardwicke,ahardwicke3g@smugmug.com,Male
126,Tiler,Sprankling,tsprankling3h@scientificamerican.com,Male
127,Elisabetta,Flanne,eflanne3i@artisteer.com,Genderfluid
128,Hartwell,Hekkert,hhekkert3j@sphinn.com,Male
129,Imogen,Matas,imatas3k@technorati.com,Female
130,Cosme,Grishankov,cgrishankov3l@nydailynews.com,Male
131,Sherwynd,McTerrelly,smcterrelly3m@youku.com,Male
132,Manny,Guyers,mguyers3n@indiatimes.com,Male
133,Stanislaw,Harmon,sharmon3o@newyorker.com,Male
134,Cherey,Boc,cboc3p@posterous.com,Female
135,Raf,Tritten,rtritten3q@indiegogo.com,Female
136,Gussi,Kreuzer,gkreuzer3r@prweb.com,Female
137,Jammal,Smorthit,jsmorthit3s@github.com,Agender
138,Penn,Humes,phumes3t@qq.com,Male
139,Tracie,O' Flaherty,toflaherty3u@imageshack.us,Male
140,Domenico,Minards,dminards3v@dell.com,Male
141,Ertha,Cosans,ecosans3w@cocolog-nifty.com,Female
142,Parnell,Rubenchik,prubenchik3x@google.com.br,Male
143,Tiphani,Reinbech,treinbech3y@google.pl,Female
144,Kerr,Segrave,ksegrave3z@bizjournals.com,Male
145,Boone,Buxey,bbuxey40@yale.edu,Male
146,Orazio,Casella,ocasella41@opensource.org,Male
147,Ellerey,Brighouse,ebrighouse42@nsw.gov.au,Male
148,Kelly,Scholes,kscholes43@quantcast.com,Male
149,Ulrica,Kroger,ukroger44@aol.com,Female
150,Walsh,Demeza,wdemeza45@yelp.com,Male
151,Philippine,Matthessen,pmatthessen46@berkeley.edu,Female
152,Justinian,Bendle,jbendle47@github.io,Male
153,Alfred,Longfoot,alongfoot48@simplemachines.org,Male
154,Britt,Van Leeuwen,bvanleeuwen49@hhs.gov,Male
155,Joseph,Bonnar,jbonnar4a@google.fr,Male
156,Laurent,Annatt,lannatt4b@accuweather.com,Male
157,Allina,Allwright,aallwright4c@taobao.com,Female
158,Jayme,Costigan,jcostigan4d@dmoz.org,Male
159,Johann,Burdfield,jburdfield4e@desdev.cn,Male
160,Barby,Glanville,bglanville4f@nifty.com,Female
161,Onfroi,Ghent,oghent4g@ucla.edu,Male
162,Stewart,Dowdam,sdowdam4h@amazon.co.uk,Male
163,Maggi,Viollet,mviollet4i@cyberchimps.com,Female
164,Andy,Demaid,ademaid4j@netscape.com,Polygender
165,Dew,Monro,dmonro4k@redcross.org,Male
166,Loutitia,Chilvers,lchilvers4l@1und1.de,Female
167,Boone,Ashlin,bashlin4m@woothemes.com,Male
168,Marlin,Mullenger,mmullenger4n@ibm.com,Male
169,Jayme,Comsty,jcomsty4o@sun.com,Female
170,Esteban,Ivashkov,eivashkov4p@amazon.co.jp,Male
171,Geneva,Rosenwald,grosenwald4q@is.gd,Agender
172,Cass,Artis,cartis4r@ocn.ne.jp,Female
173,Mitchael,Eastment,meastment4s@hibu.com,Male
174,My,Eynaud,meynaud4t@yandex.ru,Male
175,Breena,Blazewicz,bblazewicz4u@jimdo.com,Female
176,Hephzibah,Felce,hfelce4v@google.com,Female
177,Skyler,Solman,ssolman4w@auda.org.au,Male
178,Aleece,Nusche,anusche4x@alexa.com,Female
179,Miguelita,Ravenscraft,mravenscraft4y@wikispaces.com,Female
180,Xenia,Shortall,xshortall4z@cbsnews.com,Female
181,Reinald,Arnatt,rarnatt50@yolasite.com,Male
182,Friedrick,Liles,fliles51@freewebs.com,Male
183,Rustie,Angrave,rangrave52@biglobe.ne.jp,Male
184,Wanda,Treleaven,wtreleaven53@senate.gov,Female
185,Jan,Lodwick,jlodwick54@umich.edu,Male
186,Lilllie,Dibbert,ldibbert55@smugmug.com,Bigender
187,Thatch,MacTerlagh,tmacterlagh56@squarespace.com,Male
188,Berky,Axston,baxston57@example.com,Male
189,Ivar,Stonnell,istonnell58@bizjournals.com,Male
190,Fabe,Glasby,fglasby59@ehow.com,Male
191,Veronica,Medwell,vmedwell5a@icio.us,Female
192,Amanda,Blanch,ablanch5b@sun.com,Female
193,Siusan,Farrow,sfarrow5c@wikimedia.org,Female
194,Mavis,Henrych,mhenrych5d@alexa.com,Female
195,Flo,Baggot,fbaggot5e@instagram.com,Female
196,Leon,Bondy,lbondy5f@mail.ru,Male
197,Marji,Worsfold,mworsfold5g@nhs.uk,Female
198,Jasmina,Peascod,jpeascod5h@lulu.com,Female
199,Ynes,MacScherie,ymacscherie5i@barnesandnoble.com,Female
200,Georg,Olding,golding5j@cocolog-nifty.com,Male
201,Tito,Goodered,tgoodered5k@blogs.com,Male
202,Cecilla,Galtone,cgaltone5l@twitter.com,Female
203,Dorrie,Franceschino,dfranceschino5m@home.pl,Female
204,Tadeo,Antonov,tantonov5n@imgur.com,Male
205,Jareb,Huzzey,jhuzzey5o@indiatimes.com,Male
206,Marie-jeanne,Jeandel,mjeandel5p@yahoo.co.jp,Female
207,Lilla,Shallcroff,lshallcroff5q@google.ca,Female
208,Gaylene,Possa,gpossa5r@g.co,Female
209,Lenette,Pietrusiak,lpietrusiak5s@washingtonpost.com,Female
210,Ashien,Kyngdon,akyngdon5t@meetup.com,Female
211,Ellery,Cremer,ecremer5u@gizmodo.com,Male
212,Madelle,Hinstridge,mhinstridge5v@upenn.edu,Female
213,Murry,Cullagh,mcullagh5w@webmd.com,Male
214,Leila,Rattery,lrattery5x@imdb.com,Female
215,Kiley,Cardus,kcardus5y@ucoz.ru,Male
216,Gregg,Reyner,greyner5z@ehow.com,Male
217,Jayme,Absolom,jabsolom60@vkontakte.ru,Polygender
218,Sarita,Daglish,sdaglish61@hao123.com,Female
219,Aylmer,Lessmare,alessmare62@washington.edu,Male
220,Alicia,Hounsom,ahounsom63@state.gov,Female
221,Sonny,Weatherburn,sweatherburn64@wikipedia.org,Male
222,Carry,Papen,cpapen65@github.com,Female
223,Shandra,Ruthen,sruthen66@oakley.com,Bigender
224,Abner,Welham,awelham67@timesonline.co.uk,Male
225,Gar,Haacker,ghaacker68@acquirethisname.com,Male
226,Madelon,Drissell,mdrissell69@cornell.edu,Female
227,Vassili,Mushart,vmushart6a@mapy.cz,Male
228,Michele,Farnill,mfarnill6b@privacy.gov.au,Male
229,Kerri,Skim,kskim6c@flavors.me,Female
230,Felicle,Cranstone,fcranstone6d@jugem.jp,Non-binary
231,Bryna,Holleworth,bholleworth6e@jiathis.com,Female
232,Eddie,Kohneke,ekohneke6f@rediff.com,Female
233,Bertie,Kneesha,bkneesha6g@unicef.org,Male
234,Ardene,Brassington,abrassington6h@sitemeter.com,Female
235,Thedrick,Simioni,tsimioni6i@sina.com.cn,Male
236,Rhody,Rice,rrice6j@mediafire.com,Female
237,Raviv,Grooby,rgrooby6k@vk.com,Male
238,Ursala,Ellesmere,uellesmere6l@who.int,Female
239,Deeyn,Badgers,dbadgers6m@skype.com,Female
240,Fleur,Mattielli,fmattielli6n@cafepress.com,Female
241,Sawyere,Lorenzetti,slorenzetti6o@samsung.com,Genderfluid
242,Randie,Ducarel,rducarel6p@qq.com,Male
243,Ignatius,Vanner,ivanner6q@soup.io,Male
244,Laird,Dicker,ldicker6r@bluehost.com,Male
245,Angelico,Powland,apowland6s@ocn.ne.jp,Male
246,Kittie,Wimpey,kwimpey6t@tripadvisor.com,Female
247,Nancy,Huckell,nhuckell6u@qq.com,Female
248,Erie,Beville,ebeville6v@wp.com,Male
249,Wylma,Nancarrow,wnancarrow6w@zdnet.com,Female
250,Dagny,Pavkovic,dpavkovic6x@tripadvisor.com,Male
251,Bobbe,Beden,bbeden6y@wp.com,Female
252,Kearney,Baxstair,kbaxstair6z@cargocollective.com,Male
253,Peri,Matitiaho,pmatitiaho70@geocities.com,Female
254,Culley,McCallister,cmccallister71@wikipedia.org,Male
255,Gilbertine,Georgescu,ggeorgescu72@wiley.com,Female
256,Chantalle,Greir,cgreir73@sun.com,Female
257,Ginger,Vedstra,gvedstra74@4shared.com,Male
258,Jo ann,Mewton,jmewton75@wordpress.org,Female
259,Graham,Corrington,gcorrington76@globo.com,Male
260,Yorke,Huffadine,yhuffadine77@51.la,Male
261,Allyn,Celler,aceller78@biglobe.ne.jp,Male
262,Danya,Stolberg,dstolberg79@hubpages.com,Male
263,Doy,Nacey,dnacey7a@1und1.de,Male
264,Brian,Peet,bpeet7b@sphinn.com,Bigender
265,Danielle,Hollindale,dhollindale7c@go.com,Female
266,Davon,Bodell,dbodell7d@ezinearticles.com,Male
267,Gennifer,Clitheroe,gclitheroe7e@businesswire.com,Female
268,Ladonna,Sebring,lsebring7f@ustream.tv,Female
269,Thomasine,Aucourte,taucourte7g@etsy.com,Female
270,Trumaine,Langer,tlanger7h@icio.us,Polygender
271,Christoper,Swalough,cswalough7i@mediafire.com,Male
272,Francoise,Cagan,fcagan7j@example.com,Female
273,Vin,Nerney,vnerney7k@mit.edu,Female
274,Clay,Sapp,csapp7l@ihg.com,Male
275,Audi,Ludlamme,aludlamme7m@netvibes.com,Female
276,Salim,Doughill,sdoughill7n@arstechnica.com,Male
277,Barrie,Babbs,bbabbs7o@cpanel.net,Female
278,Saba,Woolens,swoolens7p@utexas.edu,Female
279,Clayson,Holehouse,cholehouse7q@ucoz.ru,Male
280,Regen,Sorrell,rsorrell7r@google.com,Male
281,Boycey,Limprecht,blimprecht7s@cmu.edu,Male
282,Clarine,Craddock,ccraddock7t@nydailynews.com,Female
283,Boonie,Ithell,bithell7u@ustream.tv,Male
284,Tani,Stych,tstych7v@un.org,Female
285,Kenon,Easson,keasson7w@merriam-webster.com,Male
286,Bertram,Cram,bcram7x@yolasite.com,Male
287,Roselin,Finnemore,rfinnemore7y@smh.com.au,Female
288,Glynda,Parrot,gparrot7z@ask.com,Female
289,Halette,Tunnicliffe,htunnicliffe80@opera.com,Female
290,Cortie,Vasilik,cvasilik81@yahoo.co.jp,Male
291,Glenden,Pengelley,gpengelley82@tmall.com,Male
292,Neilla,Nisuis,nnisuis83@cmu.edu,Female
293,Georgy,Shailer,gshailer84@sciencedirect.com,Male
294,Kellie,Battershall,kbattershall85@amazonaws.com,Agender
295,Nicki,Meegin,nmeegin86@ox.ac.uk,Female
296,Joelly,Feaveer,jfeaveer87@godaddy.com,Female
297,Dasya,Sewley,dsewley88@msn.com,Female
298,Selie,Mackelworth,smackelworth89@gravatar.com,Female
299,Boote,Gateman,bgateman8a@hao123.com,Male
300,Alonso,Aherne,aaherne8b@drupal.org,Male
301,Gwendolin,Cockton,gcockton8c@soundcloud.com,Female
302,Cam,Rohlfs,crohlfs8d@qq.com,Male
303,Agustin,Yoxall,ayoxall8e@symantec.com,Male
304,Gayla,Reape,greape8f@ca.gov,Female
305,Matthaeus,Trollope,mtrollope8g@marketwatch.com,Male
306,Meggy,Jurn,mjurn8h@discovery.com,Female
307,Kalle,Slaughter,kslaughter8i@about.me,Male
308,Conan,Rogez,crogez8j@elegantthemes.com,Male
309,Billie,Courtes,bcourtes8k@phoca.cz,Male
310,Thor,Francom,tfrancom8l@miitbeian.gov.cn,Male
311,Molly,O'Heaney,moheaney8m@zimbio.com,Female
312,Baxy,Delcastel,bdelcastel8n@pen.io,Male
313,Shermy,Schwandermann,sschwandermann8o@github.com,Male
314,Zelig,Fleeming,zfleeming8p@cmu.edu,Male
315,Amelina,Dearan,adearan8q@cyberchimps.com,Female
316,Rogerio,Riddock,rriddock8r@desdev.cn,Male
317,Maurizia,Andriulis,mandriulis8s@bloglines.com,Female
318,Jordanna,Stook,jstook8t@sitemeter.com,Female
319,Tana,Hegel,thegel8u@amazon.de,Female
320,Nara,d' Elboux,ndelboux8v@ask.com,Female
321,Penni,Innes,pinnes8w@macromedia.com,Female
322,Abel,Heads,aheads8x@slashdot.org,Male
323,Sharyl,Simondson,ssimondson8y@fc2.com,Female
324,Nertie,Ulrik,nulrik8z@mit.edu,Female
325,Peirce,Domoni,pdomoni90@reddit.com,Male
326,Eleanor,Hyrons,ehyrons91@bandcamp.com,Female
327,Sallee,Skpsey,sskpsey92@netvibes.com,Female
328,Nobie,Bruford,nbruford93@nasa.gov,Male
329,Rosabelle,Biesty,rbiesty94@g.co,Female
330,Christiana,Rimington,crimington95@hao123.com,Female
331,Ingar,Loukes,iloukes96@alexa.com,Bigender
332,Brianne,Boylan,bboylan97@nyu.edu,Female
333,Ynes,Beaty,ybeaty98@ebay.co.uk,Female
334,Greggory,Cherrett,gcherrett99@infoseek.co.jp,Male
335,Hugh,MacCrachen,hmaccrachen9a@scribd.com,Male
336,Elnore,Oslar,eoslar9b@prlog.org,Female
337,Lorraine,Axcell,laxcell9c@com.com,Agender
338,Burnaby,Bygrove,bbygrove9d@nature.com,Male
339,Maxy,Rushmer,mrushmer9e@parallels.com,Male
340,Dorelle,Taverner,dtaverner9f@amazon.de,Female
341,Thurstan,Jewsbury,tjewsbury9g@xrea.com,Male
342,Elia,Holwell,eholwell9h@sohu.com,Agender
343,Adara,Doy,adoy9i@macromedia.com,Female
344,Ursola,Grabbam,ugrabbam9j@sina.com.cn,Female
345,Timmy,Melluish,tmelluish9k@princeton.edu,Male
346,Moe,Farr,mfarr9l@twitpic.com,Male
347,Karlee,Ehrat,kehrat9m@comsenz.com,Female
348,Jacquenetta,Enrique,jenrique9n@altervista.org,Female
349,Gerrie,Tetther,gtetther9o@arizona.edu,Male
350,Helene,Guillain,hguillain9p@example.com,Female
351,Cary,Lillie,clillie9q@biglobe.ne.jp,Female
352,Joel,Fewtrell,jfewtrell9r@e-recht24.de,Male
353,Germaine,Derricoat,gderricoat9s@squarespace.com,Male
354,Clair,Southernwood,csouthernwood9t@liveinternet.ru,Bigender
355,Anetta,Drinkhill,adrinkhill9u@state.tx.us,Female
356,Blanche,Sholem,bsholem9v@elegantthemes.com,Female
357,Vick,Statersfield,vstatersfield9w@domainmarket.com,Genderfluid
358,Emmit,Alenikov,ealenikov9x@sitemeter.com,Male
359,Kaitlynn,Burker,kburker9y@jimdo.com,Female
360,Carmella,McMinn,cmcminn9z@google.pl,Female
361,Patricia,Scarth,pscartha0@1688.com,Female
362,Fabiano,Phibb,fphibba1@ezinearticles.com,Male
363,Jerry,Bromwich,jbromwicha2@desdev.cn,Female
364,Tina,Duchan,tduchana3@mit.edu,Female
365,Maxie,Jezzard,mjezzarda4@sourceforge.net,Male
366,Sophi,De Vile,sdevilea5@youku.com,Female
367,Orelle,Fenix,ofenixa6@nymag.com,Female
368,Martin,Robelow,mrobelowa7@digg.com,Male
369,Wilhelmine,Lathleiffure,wlathleiffurea8@quantcast.com,Genderqueer
370,Malachi,Hallgarth,mhallgartha9@shop-pro.jp,Male
371,Ursulina,Naile,unaileaa@amazon.co.uk,Agender
372,Aluino,Burrage,aburrageab@cnn.com,Male
373,Elsey,Brignall,ebrignallac@pinterest.com,Non-binary
374,Darius,Petrusch,dpetruschad@liveinternet.ru,Non-binary
375,Boris,Lackeye,blackeyeae@harvard.edu,Male
376,Burlie,McGrirl,bmcgrirlaf@jiathis.com,Male
377,Zorina,Newcombe,znewcombeag@craigslist.org,Female
378,Osbert,Gidney,ogidneyah@chronoengine.com,Non-binary
379,Hilliary,Dewberry,hdewberryai@discovery.com,Female
380,Vite,Piggott,vpiggottaj@sogou.com,Male
381,Kial,Yerill,kyerillak@phoca.cz,Non-binary
382,Morlee,Niese,mnieseal@amazon.de,Male
383,Enrika,Geldeard,egeldeardam@myspace.com,Female
384,Basile,Gairdner,bgairdneran@alexa.com,Male
385,Lydie,Rearden,lreardenao@fda.gov,Female
386,Dall,Souter,dsouterap@foxnews.com,Male
387,Theresa,Skegg,tskeggaq@huffingtonpost.com,Female
388,Burl,Pass,bpassar@go.com,Male
389,Clemence,MacGuffog,cmacguffogas@alibaba.com,Female
390,Elke,Haskey,ehaskeyat@icq.com,Female
391,Anya,Sample,asampleau@rediff.com,Female
392,Shayna,Espadero,sespaderoav@reference.com,Female
393,Merna,Bamsey,mbamseyaw@sciencedirect.com,Female
394,Byrann,Hearl,bhearlax@freewebs.com,Male
395,Oralia,Greenhalgh,ogreenhalghay@jiathis.com,Genderqueer
396,Darby,Duigan,dduiganaz@sphinn.com,Polygender
397,Dirk,Suff,dsuffb0@yahoo.co.jp,Male
398,Caren,Hamer,chamerb1@google.it,Agender
399,Astra,Langmead,alangmeadb2@economist.com,Female
400,Anne,Mulholland,amulhollandb3@stumbleupon.com,Female
401,Pattie,Thying,pthyingb4@va.gov,Female
402,Burnaby,Tong,btongb5@scribd.com,Male
403,Orion,Stitcher,ostitcherb6@networksolutions.com,Male
404,Tannie,Polding,tpoldingb7@dell.com,Male
405,Florian,Proom,fproomb8@fotki.com,Male
406,Auguste,Griffitt,agriffittb9@oakley.com,Genderqueer
407,Francene,Broxap,fbroxapba@joomla.org,Female
408,Mira,Stuckley,mstuckleybb@bigcartel.com,Female
409,Eugine,Jerg,ejergbc@webs.com,Polygender
410,Olivero,Bertenshaw,obertenshawbd@nasa.gov,Male
411,Janette,Vakhrushev,jvakhrushevbe@ca.gov,Female
412,Willy,Simanenko,wsimanenkobf@storify.com,Male
413,Hannah,Terney,hterneybg@shareasale.com,Female
414,Ethan,Dubique,edubiquebh@ebay.com,Male
415,Dulcea,Luisetti,dluisettibi@google.com.au,Female
416,Midge,Kilner,mkilnerbj@elpais.com,Female
417,Arnuad,Fillingham,afillinghambk@sun.com,Male
418,Onfre,Timcke,otimckebl@stanford.edu,Male
419,Jameson,Quirk,jquirkbm@redcross.org,Male
420,Alvis,Ellor,aellorbn@epa.gov,Male
421,Gusta,Fosbraey,gfosbraeybo@chicagotribune.com,Female
422,Giorgi,Grief,ggriefbp@pinterest.com,Male
423,Daloris,Osburn,dosburnbq@studiopress.com,Bigender
424,Isaak,Eskell,ieskellbr@hud.gov,Male
425,Fairlie,Gatlin,fgatlinbs@cafepress.com,Male
426,Violante,McKiernan,vmckiernanbt@myspace.com,Bigender
427,Wilden,Culcheth,wculchethbu@adobe.com,Male
428,Fulton,Oxtaby,foxtabybv@woothemes.com,Male
429,Mateo,Yerbury,myerburybw@yolasite.com,Male
430,Randie,Ingre,ringrebx@oakley.com,Male
431,Dimitri,Pyott,dpyottby@scribd.com,Male
432,Moyra,McIsaac,mmcisaacbz@posterous.com,Female
433,Halley,McNirlan,hmcnirlanc0@stanford.edu,Female
434,Yul,Scade,yscadec1@washington.edu,Male
435,Angelika,Murphey,amurpheyc2@hexun.com,Female
436,Trula,Carvil,tcarvilc3@comcast.net,Female
437,Tiphanie,Muckart,tmuckartc4@webnode.com,Female
438,Kalvin,Coston,kcostonc5@blog.com,Male
439,Thekla,Wallett,twallettc6@ovh.net,Polygender
440,Lyssa,Beidebeke,lbeidebekec7@vk.com,Female
441,Colman,Yokel,cyokelc8@indiegogo.com,Male
442,Erna,Strattan,estrattanc9@cocolog-nifty.com,Female
443,Tilda,Immings,timmingsca@msu.edu,Female
444,Madelin,Klimushev,mklimushevcb@technorati.com,Female
445,Kimberlyn,Hanson,khansoncc@nasa.gov,Female
446,Barnaby,Gossington,bgossingtoncd@google.com,Non-binary
447,Evanne,Powrie,epowriece@dion.ne.jp,Female
448,Maurizio,Boucher,mbouchercf@scientificamerican.com,Male
449,Ondrea,Gainor,ogainorcg@1und1.de,Female
450,Sigismund,Beneze,sbenezech@noaa.gov,Male
451,Amble,Feldklein,afeldkleinci@bloglines.com,Male
452,Ravid,Rotge,rrotgecj@blog.com,Male
453,Jonell,Letixier,jletixierck@typepad.com,Female
454,Bethanne,Fulcher,bfulchercl@com.com,Female
455,Phyllis,Stork,pstorkcm@webmd.com,Female
456,Moses,Georger,mgeorgercn@bigcartel.com,Male
457,Trueman,Brucker,tbruckerco@yahoo.com,Male
458,Miller,Biaggiotti,mbiaggiotticp@clickbank.net,Male
459,Suzanna,Nilles,snillescq@canalblog.com,Female
460,Godart,Mollen,gmollencr@phpbb.com,Male
461,Archibaldo,Angerstein,aangersteincs@cargocollective.com,Male
462,Lorilyn,Lamboll,llambollct@google.fr,Female
463,Frieda,Davidovics,fdavidovicscu@ovh.net,Female
464,Shelley,Blockwell,sblockwellcv@auda.org.au,Male
465,Garey,Tuffley,gtuffleycw@pbs.org,Male
466,Ev,Welchman,ewelchmancx@ed.gov,Male
467,Zsa zsa,Clive,zclivecy@arizona.edu,Female
468,Halley,Cannaway,hcannawaycz@amazon.co.uk,Female
469,Deck,Skoof,dskoofd0@gnu.org,Male
470,Darren,Schulkins,dschulkinsd1@amazon.de,Male
471,Arlen,Drewes,adrewesd2@xinhuanet.com,Male
472,Bevan,Denney,bdenneyd3@dagondesign.com,Male
473,Dominick,Holdey,dholdeyd4@seattletimes.com,Male
474,Josh,Ditchfield,jditchfieldd5@typepad.com,Male
475,Kiri,Antuoni,kantuonid6@51.la,Female
476,Rodrique,Queste,rquested7@hostgator.com,Male
477,Antonino,Almeida,aalmeidad8@cam.ac.uk,Male
478,Lennard,Ransome,lransomed9@dell.com,Male
479,Rogers,Gabel,rgabelda@bloomberg.com,Male
480,Deni,Milward,dmilwarddb@fc2.com,Female
481,Orelie,Huff,ohuffdc@go.com,Female
482,Grace,Burtt,gburttdd@furl.net,Female
483,Tonya,Randleson,trandlesonde@amazon.com,Female
484,Jeremias,Adderson,jaddersondf@com.com,Male
485,Pen,Yonge,pyongedg@people.com.cn,Male
486,Lila,Kuhndel,lkuhndeldh@apache.org,Female
487,Dev,Worgan,dworgandi@github.com,Male
488,Hastie,Cartmel,hcartmeldj@altervista.org,Male
489,Chad,Edwicke,cedwickedk@statcounter.com,Male
490,Shellysheldon,De Paoli,sdepaolidl@theguardian.com,Male
491,Emanuel,Chue,echuedm@sogou.com,Male
492,Gustavo,Kisby,gkisbydn@weather.com,Male
493,Bennie,Marshal,bmarshaldo@taobao.com,Female
494,Durante,Iskow,diskowdp@naver.com,Male
495,Farrah,Opy,fopydq@merriam-webster.com,Female
496,Allys,Kaser,akaserdr@prweb.com,Female
497,Anneliese,Ogelbe,aogelbeds@globo.com,Female
498,Claudelle,Hember,chemberdt@apache.org,Genderfluid
499,Wes,Darrington,wdarringtondu@histats.com,Male
500,Sosanna,Visco,sviscodv@comsenz.com,Female
501,Hurley,Nielson,hnielsondw@zimbio.com,Male
502,Carree,Blazhevich,cblazhevichdx@ow.ly,Female
503,Allianora,Erett,aerettdy@jugem.jp,Female
504,Roxanna,Lanfranchi,rlanfranchidz@1und1.de,Female
505,Alyse,Becaris,abecarise0@chronoengine.com,Female
506,Vite,Fitzpatrick,vfitzpatricke1@baidu.com,Male
507,Tanya,Mephan,tmephane2@cdbaby.com,Female
508,Corrie,Hamor,chamore3@plala.or.jp,Male
509,Vite,Checklin,vcheckline4@cnn.com,Male
510,Seth,Lichfield,slichfielde5@sbwire.com,Male
511,Ozzie,Barstowk,obarstowke6@furl.net,Male
512,Madelin,Joyson,mjoysone7@de.vu,Female
513,Damara,Pendrigh,dpendrighe8@techcrunch.com,Female
514,Marta,Caldes,mcaldese9@webeden.co.uk,Female
515,Debbi,Weiss,dweissea@seattletimes.com,Female
516,Carlie,Strut,cstruteb@webnode.com,Female
517,Robbie,Reckus,rreckusec@webmd.com,Male
518,Marlie,Sheehan,msheehaned@dagondesign.com,Bigender
519,Emmanuel,Smewin,esmewinee@bloglovin.com,Male
520,Caterina,Treagus,ctreagusef@geocities.com,Female
521,Sharona,Thornebarrow,sthornebarroweg@joomla.org,Female
522,Alfred,Hernik,ahernikeh@addtoany.com,Male
523,Fergus,Everly,feverlyei@squarespace.com,Male
524,Nevil,O'Cannon,nocannonej@pbs.org,Male
525,Anne-corinne,Weal,awealek@imgur.com,Female
526,Rene,Rothschild,rrothschildel@mac.com,Male
527,Audrye,McKiernan,amckiernanem@artisteer.com,Female
528,Brian,Paintain,bpaintainen@timesonline.co.uk,Male
529,Pascal,Spittall,pspittalleo@tuttocitta.it,Bigender
530,Hardy,Dallon,hdallonep@phpbb.com,Male
531,Ezmeralda,Clifton,ecliftoneq@nbcnews.com,Female
532,Inglebert,Lefort,ileforter@howstuffworks.com,Male
533,Base,Alvar,balvares@goodreads.com,Male
534,Harland,Kegley,hkegleyet@privacy.gov.au,Male
535,Dunn,Casse,dcasseeu@bizjournals.com,Male
536,Chip,Ashurst,cashurstev@salon.com,Male
537,Otes,Butting,obuttingew@shinystat.com,Male
538,Meier,Cardo,mcardoex@theatlantic.com,Male
539,Rolland,Lillgard,rlillgardey@businessweek.com,Male
540,Sauncho,De Dantesie,sdedantesieez@arizona.edu,Male
541,Annelise,Gillion,agillionf0@example.com,Female
542,Pansy,Lowin,plowinf1@europa.eu,Female
543,Sunny,Robertis,srobertisf2@elegantthemes.com,Female
544,Ingamar,Pigot,ipigotf3@craigslist.org,Agender
545,Martica,Redgewell,mredgewellf4@imageshack.us,Female
546,Scotti,Audibert,saudibertf5@foxnews.com,Male
547,Alexine,Decort,adecortf6@mysql.com,Female
548,Kerby,Juanes,kjuanesf7@narod.ru,Male
549,Caryl,Troy,ctroyf8@disqus.com,Female
550,Cary,Lampart,clampartf9@networkadvertising.org,Female
551,Noellyn,Riping,nripingfa@quantcast.com,Female
552,Tomas,Ram,tramfb@friendfeed.com,Male
553,Ellwood,Jefford,ejeffordfc@ted.com,Male
554,Marjie,Docket,mdocketfd@dell.com,Female
555,Jacquelynn,Giannini,jgianninife@tripadvisor.com,Female
556,Bob,Eplett,beplettff@wsj.com,Male
557,Dimitri,Ollerton,dollertonfg@addthis.com,Male
558,Thaine,Purveys,tpurveysfh@eventbrite.com,Male
559,Norri,Diehn,ndiehnfi@shareasale.com,Bigender
560,Reidar,Revens,rrevensfj@alexa.com,Male
561,Darrick,Cradock,dcradockfk@vkontakte.ru,Male
562,Mahmoud,Sandercock,msandercockfl@netscape.com,Male
563,Stacia,Mudle,smudlefm@reddit.com,Female
564,Reynard,Geharke,rgeharkefn@microsoft.com,Polygender
565,Sib,Greenwood,sgreenwoodfo@intel.com,Female
566,Ameline,Faye,afayefp@xrea.com,Female
567,Cynde,Kerss,ckerssfq@artisteer.com,Female
568,Marwin,Danett,mdanettfr@narod.ru,Bigender
569,Gregoor,Kynoch,gkynochfs@wordpress.com,Male
570,Eimile,Leinweber,eleinweberft@mysql.com,Female
571,Erinna,Blasl,eblaslfu@pcworld.com,Female
572,Benny,Gooderridge,bgooderridgefv@stumbleupon.com,Female
573,Olav,Fligg,ofliggfw@ucoz.ru,Male
574,Debee,Mackleden,dmackledenfx@cisco.com,Polygender
575,Cully,Echallier,cechallierfy@smh.com.au,Male
576,Adelaide,Ferretti,aferrettifz@virginia.edu,Female
577,Alaric,Voak,avoakg0@unc.edu,Male
578,Carmine,Raith,craithg1@berkeley.edu,Female
579,Stanton,Mapp,smappg2@nih.gov,Male
580,Packston,O'Kinneally,pokinneallyg3@illinois.edu,Male
581,Cassandra,Tunny,ctunnyg4@usda.gov,Female
582,Adham,Boobyer,aboobyerg5@parallels.com,Male
583,Taffy,Reely,treelyg6@usatoday.com,Female
584,Kippy,Simunek,ksimunekg7@parallels.com,Male
585,Berton,Farncombe,bfarncombeg8@hibu.com,Male
586,Hallsy,Brandle,hbrandleg9@webnode.com,Male
587,Bonnee,Paradine,bparadinega@java.com,Female
588,Nicola,Guard,nguardgb@jalbum.net,Non-binary
589,Gunter,Mewett,gmewettgc@shareasale.com,Male
590,Rice,Perford,rperfordgd@dedecms.com,Male
591,Abran,Buckerfield,abuckerfieldge@sitemeter.com,Male
592,Jannel,Gritton,jgrittongf@godaddy.com,Female
593,Valida,Marzellano,vmarzellanogg@examiner.com,Female
594,Daniel,Blower,dblowergh@tinypic.com,Male
595,Gaby,Trees,gtreesgi@opera.com,Female
596,Loy,Longcake,llongcakegj@nhs.uk,Genderqueer
597,Curcio,Dabell,cdabellgk@skyrock.com,Male
598,Madison,Frondt,mfrondtgl@google.ru,Male
599,Ray,Urwin,rurwingm@wikimedia.org,Male
600,Nanni,Cock,ncockgn@kickstarter.com,Female
601,Bat,Rodell,brodellgo@is.gd,Male
602,Townsend,Kennefick,tkennefickgp@oracle.com,Male
603,Hector,Micklem,hmicklemgq@github.io,Male
604,Gabi,Dimmer,gdimmergr@plala.or.jp,Female
605,Delia,Fader,dfadergs@bloglines.com,Female
606,Emiline,Moxon,emoxongt@weebly.com,Female
607,Hasty,Stickland,hsticklandgu@kickstarter.com,Male
608,Winny,Jolland,wjollandgv@dailymail.co.uk,Female
609,Anette,McLucas,amclucasgw@forbes.com,Female
610,Fabien,Bevington,fbevingtongx@pbs.org,Polygender
611,Iorgos,Sprulls,isprullsgy@hexun.com,Male
612,Roth,Francis,rfrancisgz@arizona.edu,Male
613,Correy,Matthius,cmatthiush0@engadget.com,Female
614,Matty,Rubenczyk,mrubenczykh1@bbc.co.uk,Bigender
615,Jasmina,Flegg,jfleggh2@examiner.com,Female
616,Chick,Spiniello,cspinielloh3@stanford.edu,Male
617,Donalt,O'Riordan,doriordanh4@amazon.de,Male
618,Elisabet,Jerrans,ejerransh5@tumblr.com,Female
619,Adriano,Wellwood,awellwoodh6@google.de,Male
620,Eal,Gainor,egainorh7@constantcontact.com,Male
621,Kennie,Rotte,krotteh8@msn.com,Male
622,Brand,Shieber,bshieberh9@ucla.edu,Male
623,Ainsley,Lorentz,alorentzha@microsoft.com,Female
624,Hedvige,Shard,hshardhb@wisc.edu,Female
625,Alix,Dovidian,adovidianhc@soup.io,Male
626,Anallese,Fullilove,afullilovehd@fotki.com,Female
627,Lew,MacCaghan,lmaccaghanhe@cbsnews.com,Genderfluid
628,Alisha,Donaher,adonaherhf@quantcast.com,Female
629,Walliw,Primak,wprimakhg@1und1.de,Female
630,Midge,Stainton - Skinn,mstaintonskinnhh@twitter.com,Female
631,Lezlie,Stolte,lstoltehi@salon.com,Female
632,Kermit,Childers,kchildershj@wordpress.com,Male
633,Clarine,Marples,cmarpleshk@blogger.com,Polygender
634,Martina,McCrossan,mmccrossanhl@bbc.co.uk,Female
635,Constancy,Messum,cmessumhm@howstuffworks.com,Female
636,Hamel,Tackley,htackleyhn@discovery.com,Male
637,Hansiain,Gibbin,hgibbinho@bigcartel.com,Male
638,Lee,Fairham,lfairhamhp@blogs.com,Male
639,Howard,Ozintsev,hozintsevhq@ucsd.edu,Male
640,Carling,McGilbon,cmcgilbonhr@amazon.co.jp,Male
641,Ernesta,Franzel,efranzelhs@fc2.com,Female
642,Juliane,Bonefant,jbonefantht@apache.org,Female
643,Noby,Lidgertwood,nlidgertwoodhu@trellian.com,Male
644,Berte,Neles,bneleshv@barnesandnoble.com,Female
645,Leupold,Creber,lcreberhw@hugedomains.com,Male
646,Abigale,Hawtrey,ahawtreyhx@scribd.com,Female
647,Toddie,Rebanks,trebankshy@foxnews.com,Male
648,Louis,Swarbrick,lswarbrickhz@shutterfly.com,Male
649,Lombard,Dannel,ldanneli0@springer.com,Male
650,Zeke,Ilyukhov,zilyukhovi1@purevolume.com,Male
651,Caroljean,Spennock,cspennocki2@amazonaws.com,Female
652,Yale,Cromie,ycromiei3@google.es,Male
653,Shane,Causley,scausleyi4@reuters.com,Male
654,Saul,Djokic,sdjokici5@newsvine.com,Male
655,Bent,Jills,bjillsi6@icio.us,Male
656,Lainey,Guilford,lguilfordi7@springer.com,Female
657,Charlie,Slides,cslidesi8@wordpress.com,Male
658,Reinwald,Grunder,rgrunderi9@businessinsider.com,Male
659,Elsworth,Dentith,edentithia@narod.ru,Male
660,Jesus,Mattiacci,jmattiacciib@disqus.com,Male
661,Gonzales,Longmuir,glongmuiric@sphinn.com,Male
662,Fallon,Overnell,fovernellid@senate.gov,Female
663,Antonio,Grogono,agrogonoie@drupal.org,Male
664,Fielding,Calcott,fcalcottif@dot.gov,Male
665,Tanney,Surcomb,tsurcombig@4shared.com,Male
666,Piotr,Dibbin,pdibbinih@stumbleupon.com,Male
667,Reeva,Fenimore,rfenimoreii@phoca.cz,Female
668,Eli,Jakubovics,ejakubovicsij@networkadvertising.org,Male
669,Vinny,Mewett,vmewettik@hostgator.com,Female
670,Amerigo,Drought,adroughtil@jiathis.com,Male
671,Sibyl,Burtonshaw,sburtonshawim@hp.com,Male
672,Sharity,Caygill,scaygillin@ow.ly,Female
673,Bartolemo,Phinnis,bphinnisio@constantcontact.com,Male
674,Sherilyn,Dunnett,sdunnettip@fema.gov,Polygender
675,Base,Dionisetti,bdionisettiiq@etsy.com,Male
676,Ingunna,McGillicuddy,imcgillicuddyir@alibaba.com,Female
677,Susie,Hamner,shamneris@eventbrite.com,Female
678,Trix,Weedenburg,tweedenburgit@tripod.com,Female
679,Marys,Josefs,mjosefsiu@prnewswire.com,Female
680,Sophie,Underwood,sunderwoodiv@webeden.co.uk,Polygender
681,Coraline,Lightbody,clightbodyiw@barnesandnoble.com,Female
682,Jinny,Bottoms,jbottomsix@tinyurl.com,Female
683,Laurie,Dohrmann,ldohrmanniy@yahoo.com,Female
684,Mil,Vinter,mvinteriz@house.gov,Female
685,Jere,Di Lucia,jdiluciaj0@yellowbook.com,Male
686,Dewey,Buffy,dbuffyj1@imgur.com,Male
687,Simone,Penhaleurack,spenhaleurackj2@yandex.ru,Male
688,Nolan,Kinsey,nkinseyj3@weibo.com,Male
689,Hayden,Moneypenny,hmoneypennyj4@e-recht24.de,Male
690,Pren,Corragan,pcorraganj5@opera.com,Male
691,Roderic,Attree,rattreej6@walmart.com,Male
692,Kandy,Campione,kcampionej7@friendfeed.com,Female
693,Laurent,Stockwell,lstockwellj8@hc360.com,Male
694,Hillery,Plaskett,hplaskettj9@technorati.com,Male
695,Dunc,Kimmins,dkimminsja@ucsd.edu,Male
696,Eldredge,Farren,efarrenjb@is.gd,Male
697,Horton,Absolon,habsolonjc@chicagotribune.com,Male
698,Odelle,Mehaffey,omehaffeyjd@oaic.gov.au,Female
699,Nev,Redsall,nredsallje@sun.com,Male
700,Leonerd,Kerbey,lkerbeyjf@storify.com,Male
701,Claybourne,Bilney,cbilneyjg@nih.gov,Male
702,Charmine,Ruperti,crupertijh@wiley.com,Female
703,Idelle,Alexsandrov,ialexsandrovji@nationalgeographic.com,Female
704,Colet,Yerby,cyerbyjj@netvibes.com,Male
705,Alexandre,McCaughan,amccaughanjk@oakley.com,Male
706,Roley,Spall,rspalljl@yale.edu,Male
707,Correna,Semrad,csemradjm@skype.com,Female
708,Carmelina,Cherrie,ccherriejn@geocities.com,Female
709,Tatum,Habbon,thabbonjo@dion.ne.jp,Female
710,Trudie,Dormer,tdormerjp@independent.co.uk,Female
711,Haleigh,McMearty,hmcmeartyjq@msu.edu,Female
712,Kimberly,Redmire,kredmirejr@ibm.com,Female
713,Maribelle,Deboy,mdeboyjs@4shared.com,Female
714,Raven,Platt,rplattjt@europa.eu,Female
715,Benyamin,Baumer,bbaumerju@jugem.jp,Male
716,Halimeda,Rusbridge,hrusbridgejv@amazonaws.com,Female
717,Baldwin,Rathe,brathejw@com.com,Male
718,Milzie,Danovich,mdanovichjx@blog.com,Female
719,Sandy,Garroway,sgarrowayjy@indiegogo.com,Genderqueer
720,Albertina,Byneth,abynethjz@nbcnews.com,Agender
721,Scarlet,Worcs,sworcsk0@purevolume.com,Female
722,Drusy,Dyment,ddymentk1@youku.com,Female
723,Robby,Muehle,rmuehlek2@mlb.com,Female
724,Clem,Nussen,cnussenk3@uiuc.edu,Polygender
725,Ulric,Brushneen,ubrushneenk4@biglobe.ne.jp,Bigender
726,Odo,Eastup,oeastupk5@prweb.com,Male
727,Marcia,Kimmerling,mkimmerlingk6@whitehouse.gov,Female
728,Brittany,Aikett,baikettk7@ucsd.edu,Agender
729,Erek,Housego,ehousegok8@youtu.be,Genderqueer
730,Lucinda,Maffioletti,lmaffiolettik9@histats.com,Female
731,Gregorio,Gonnard,ggonnardka@blinklist.com,Male
732,Lazar,Redier,lredierkb@networksolutions.com,Male
733,Roseann,Bondesen,rbondesenkc@bluehost.com,Female
734,Dniren,Odcroft,dodcroftkd@ihg.com,Female
735,Karel,Kirrens,kkirrenske@ow.ly,Polygender
736,Phoebe,Bardsley,pbardsleykf@edublogs.org,Female
737,Roy,Bysouth,rbysouthkg@howstuffworks.com,Male
738,Bay,Mather,bmatherkh@java.com,Male
739,Rog,Mirfield,rmirfieldki@myspace.com,Bigender
740,Griffie,Grimwad,ggrimwadkj@craigslist.org,Male
741,Richmond,Brownsett,rbrownsettkk@gmpg.org,Male
742,Mattie,Jinkinson,mjinkinsonkl@yahoo.com,Male
743,Vale,Wille,vwillekm@google.co.jp,Female
744,Tarra,Webby,twebbykn@istockphoto.com,Female
745,Greggory,Middlemist,gmiddlemistko@time.com,Male
746,Jasper,Cockley,jcockleykp@oaic.gov.au,Male
747,Kaine,Confait,kconfaitkq@feedburner.com,Male
748,Rhianon,Chumley,rchumleykr@ft.com,Female
749,Kimmi,Drayton,kdraytonks@i2i.jp,Female
750,Tyrus,Shipman,tshipmankt@hatena.ne.jp,Male
751,Elroy,Cartman,ecartmanku@columbia.edu,Male
752,Merline,Summergill,msummergillkv@webs.com,Female
753,Rex,Cicchitello,rcicchitellokw@springer.com,Male
754,Shaine,Millmoe,smillmoekx@topsy.com,Female
755,Editha,Wackly,ewacklyky@cbc.ca,Female
756,Olin,Stainbridge,ostainbridgekz@storify.com,Male
757,Audre,MacCahee,amaccaheel0@sakura.ne.jp,Non-binary
758,Jaquelyn,Boater,jboaterl1@artisteer.com,Female
759,Arron,Auger,aaugerl2@narod.ru,Male
760,Berton,Scolding,bscoldingl3@pbs.org,Male
761,Dorolice,Hoyt,dhoytl4@phpbb.com,Female
762,Freddie,Dugood,fdugoodl5@lycos.com,Male
763,Adora,McGlashan,amcglashanl6@nytimes.com,Female
764,Ahmed,Pickrell,apickrelll7@globo.com,Agender
765,Felix,Ubee,fubeel8@examiner.com,Male
766,Garvy,Raithmill,graithmilll9@shareasale.com,Male
767,Kaspar,Litchmore,klitchmorela@bandcamp.com,Male
768,Zelma,Brantzen,zbrantzenlb@constantcontact.com,Female
769,Shaughn,Gasquoine,sgasquoinelc@desdev.cn,Male
770,Kass,Gullivent,kgulliventld@disqus.com,Genderfluid
771,Frederique,Yeowell,fyeowellle@chronoengine.com,Female
772,Aidan,Dufoure,adufourelf@angelfire.com,Female
773,Shoshanna,Attwoul,sattwoullg@about.com,Female
774,Arnuad,Mandy,amandylh@wikipedia.org,Male
775,Tad,Lies,tliesli@slideshare.net,Male
776,Cherey,Semerad,csemeradlj@wikispaces.com,Female
777,Elita,Joist,ejoistlk@ft.com,Non-binary
778,Mikel,Sowood,msowoodll@xinhuanet.com,Male
779,Flin,Joron,fjoronlm@discovery.com,Male
780,Kaja,Gloucester,kgloucesterln@twitpic.com,Female
781,Jayme,Siemandl,jsiemandllo@reddit.com,Male
782,Valma,Root,vrootlp@oaic.gov.au,Genderfluid
783,Lanna,Briscam,lbriscamlq@cargocollective.com,Female
784,Elsy,Rogerot,erogerotlr@cbslocal.com,Female
785,Sal,Doerling,sdoerlingls@ovh.net,Male
786,Welby,Abrey,wabreylt@ifeng.com,Polygender
787,Carley,Robertz,crobertzlu@about.me,Female
788,Myrta,Clelle,mclellelv@cloudflare.com,Female
789,Orly,Rizzolo,orizzololw@discuz.net,Female
790,Gert,Beves,gbeveslx@squidoo.com,Female
791,Joye,Millson,jmillsonly@seattletimes.com,Female
792,Ericka,Hildred,ehildredlz@biglobe.ne.jp,Female
793,Tasha,Goford,tgofordm0@google.com.au,Female
794,Claretta,Wooffinden,cwooffindenm1@goodreads.com,Female
795,Celinka,Gornall,cgornallm2@diigo.com,Female
796,Tadd,Gerardin,tgerardinm3@wufoo.com,Male
797,Dorothea,Middlemiss,dmiddlemissm4@multiply.com,Female
798,Murielle,Rickwood,mrickwoodm5@nyu.edu,Agender
799,Livvie,Willsmore,lwillsmorem6@globo.com,Female
800,Nessi,Eyden,neydenm7@icio.us,Polygender
801,Bobine,Doust,bdoustm8@gravatar.com,Female
802,Bertie,Fellnee,bfellneem9@sogou.com,Female
803,Corny,Farrants,cfarrantsma@economist.com,Female
804,Maxine,Gonthard,mgonthardmb@e-recht24.de,Female
805,Malva,Dilleway,mdillewaymc@hubpages.com,Female
806,Justin,Georgiev,jgeorgievmd@omniture.com,Male
807,Ermengarde,Lower,elowerme@alexa.com,Female
808,Hatti,Rouff,hrouffmf@dell.com,Female
809,Wittie,Parham,wparhammg@ning.com,Male
810,Brose,Levecque,blevecquemh@sphinn.com,Male
811,Leroy,Froom,lfroommi@upenn.edu,Male
812,Cad,Grebbin,cgrebbinmj@businessweek.com,Male
813,Antonin,Knowlman,aknowlmanmk@cocolog-nifty.com,Male
814,Brucie,MacKessock,bmackessockml@walmart.com,Male
815,Michele,Vankov,mvankovmm@fastcompany.com,Male
816,Terri-jo,Werrit,twerritmn@friendfeed.com,Female
817,Osmund,Flury,oflurymo@hostgator.com,Male
818,Melli,Anthon,manthonmp@i2i.jp,Female
819,Deena,Helleckas,dhelleckasmq@disqus.com,Female
820,Eugene,Gregan,egreganmr@nps.gov,Male
821,Ossie,Wheway,owhewayms@unc.edu,Male
822,Brnaba,Beiderbecke,bbeiderbeckemt@virginia.edu,Male
823,Hilary,Cuddehay,hcuddehaymu@squidoo.com,Female
824,Royal,Blackaller,rblackallermv@mac.com,Male
825,Tandie,Kimmel,tkimmelmw@fotki.com,Female
826,Molly,Klainman,mklainmanmx@dyndns.org,Female
827,Ruthie,Lote,rlotemy@yellowbook.com,Female
828,Adrianna,Critchlow,acritchlowmz@seattletimes.com,Female
829,Ramsay,Wholesworth,rwholesworthn0@columbia.edu,Male
830,Orly,Applegarth,oapplegarthn1@forbes.com,Female
831,Crichton,Bott,cbottn2@goo.gl,Male
832,Donnell,Hullot,dhullotn3@umn.edu,Male
833,Carny,Savill,csavilln4@pen.io,Male
834,Kevin,Cormode,kcormoden5@utexas.edu,Male
835,Corabella,Fritchly,cfritchlyn6@last.fm,Female
836,Nevins,Palle,npallen7@hostgator.com,Male
837,Katina,Stapleford,kstaplefordn8@twitter.com,Female
838,Burch,MacCrossan,bmaccrossann9@ted.com,Male
839,Lombard,Rahill,lrahillna@house.gov,Male
840,Monti,Hadny,mhadnynb@google.ca,Male
841,Marcella,Charge,mchargenc@smh.com.au,Female
842,Micheil,Kissell,mkissellnd@chronoengine.com,Male
843,Joyann,Blonfield,jblonfieldne@house.gov,Female
844,Lorri,Huckel,lhuckelnf@tiny.cc,Female
845,Sonja,Goodred,sgoodredng@google.com.au,Female
846,Yuma,Cradoc,ycradocnh@jugem.jp,Male
847,Thibaud,Lovstrom,tlovstromni@ftc.gov,Male
848,Judith,Whye,jwhyenj@fc2.com,Female
849,Nicolea,Nunson,nnunsonnk@biblegateway.com,Female
850,Guglielma,Philipot,gphilipotnl@hubpages.com,Female
851,Daven,Van der Brug,dvanderbrugnm@163.com,Male
852,Demetrius,Zorzi,dzorzinn@shutterfly.com,Male
853,Tabitha,Filliskirk,tfilliskirkno@economist.com,Female
854,Ignazio,Lindenbaum,ilindenbaumnp@163.com,Male
855,Muffin,Almon,malmonnq@netvibes.com,Male
856,Dido,Merrisson,dmerrissonnr@answers.com,Female
857,Lola,Coode,lcoodens@barnesandnoble.com,Female
858,Nikolaus,Rustman,nrustmannt@unicef.org,Male
859,Flor,Claasen,fclaasennu@pen.io,Non-binary
860,Van,Zupone,vzuponenv@bloglovin.com,Female
861,Rosene,Huxster,rhuxsternw@theatlantic.com,Female
862,Farrah,Aspell,faspellnx@un.org,Agender
863,Laural,Sirkett,lsirkettny@t.co,Bigender
864,Giorgio,Mothersole,gmothersolenz@irs.gov,Male
865,Lyndsay,MacLise,lmacliseo0@tripadvisor.com,Polygender
866,Perl,Riggott,priggotto1@usa.gov,Female
867,Devi,Klemz,dklemzo2@slideshare.net,Female
868,Care,Wanstall,cwanstallo3@usda.gov,Male
869,Arlinda,Tunno,atunnoo4@virginia.edu,Female
870,Aileen,Horder,ahordero5@purevolume.com,Female
871,Skipp,Lethabridge,slethabridgeo6@edublogs.org,Male
872,Dick,Goldstraw,dgoldstrawo7@deviantart.com,Agender
873,Nannette,Loughhead,nloughheado8@quantcast.com,Female
874,Mariele,Cocci,mcoccio9@unc.edu,Female
875,Kennie,Braiden,kbraidenoa@biblegateway.com,Male
876,Coreen,Louedey,clouedeyob@marriott.com,Female
877,Beckie,Clowney,bclowneyoc@nature.com,Female
878,Gayle,Ingree,gingreeod@phpbb.com,Female
879,Concordia,Attride,cattrideoe@nifty.com,Female
880,Gerome,Hallgath,ghallgathof@yolasite.com,Male
881,Cob,McClenan,cmcclenanog@sciencedirect.com,Male
882,Bertina,Adamkiewicz,badamkiewiczoh@netscape.com,Female
883,Haleigh,O' Sullivan,hosullivanoi@constantcontact.com,Female
884,Sybilla,Cona,sconaoj@devhub.com,Polygender
885,Aurea,Graveney,agraveneyok@prweb.com,Female
886,Deonne,Jimes,djimesol@over-blog.com,Female
887,Stearn,Oppery,sopperyom@skype.com,Male
888,Casey,Tommasi,ctommasion@t-online.de,Female
889,Riobard,Van Castele,rvancasteleoo@indiegogo.com,Male
890,Clarice,Statefield,cstatefieldop@google.fr,Female
891,Anna,Ripping,arippingoq@artisteer.com,Female
892,Rafaelita,Lomansey,rlomanseyor@chronoengine.com,Female
893,Netti,Shurmer,nshurmeros@howstuffworks.com,Female
894,Jaquelin,Karpman,jkarpmanot@auda.org.au,Female
895,Mario,Yancey,myanceyou@virginia.edu,Male
896,Silva,Couch,scouchov@cargocollective.com,Female
897,Hernando,Downey,hdowneyow@pbs.org,Male
898,Adel,Wasson,awassonox@mapquest.com,Female
899,Felice,Mutton,fmuttonoy@shop-pro.jp,Female
900,Wald,Whiffen,wwhiffenoz@woothemes.com,Male
901,Foss,Buckner,fbucknerp0@bravesites.com,Non-binary
902,Lindsay,d' Eye,ldeyep1@google.com,Female
903,Milena,Sarfat,msarfatp2@so-net.ne.jp,Agender
904,Gene,Michelin,gmichelinp3@cisco.com,Male
905,Lodovico,Medgewick,lmedgewickp4@utexas.edu,Male
906,Rhetta,Rigts,rrigtsp5@devhub.com,Female
907,Abner,Herety,aheretyp6@earthlink.net,Male
908,Glen,Duckels,gduckelsp7@mlb.com,Male
909,Midge,Buffham,mbuffhamp8@marketwatch.com,Female
910,Ansel,Leitche,aleitchep9@google.nl,Male
911,Guillemette,Murkus,gmurkuspa@hugedomains.com,Female
912,Bernete,Riccardelli,briccardellipb@phpbb.com,Female
913,Wallace,Haszard,whaszardpc@feedburner.com,Male
914,Felicia,Parramore,fparramorepd@paypal.com,Female
915,Frank,Wychard,fwychardpe@sourceforge.net,Male
916,Alberta,Davenport,adavenportpf@miibeian.gov.cn,Female
917,Hastie,Felce,hfelcepg@tumblr.com,Male
918,Goober,Auchinleck,gauchinleckph@wordpress.com,Male
919,Keary,Cullington,kcullingtonpi@aol.com,Male
920,Lorettalorna,Thirlwall,lthirlwallpj@merriam-webster.com,Female
921,Joshua,McDermot,jmcdermotpk@ask.com,Male
922,Eugen,Whistan,ewhistanpl@google.com.au,Male
923,Philip,Mellmoth,pmellmothpm@pinterest.com,Male
924,Jordanna,Gagg,jgaggpn@gizmodo.com,Female
925,Cami,Rodenburg,crodenburgpo@hud.gov,Female
926,Sadie,Beig,sbeigpp@creativecommons.org,Female
927,Sunny,Bilsborrow,sbilsborrowpq@go.com,Male
928,Wilie,Jansens,wjansenspr@nytimes.com,Female
929,Rowena,Duchesne,rduchesneps@istockphoto.com,Female
930,Kenyon,Pavier,kpavierpt@prweb.com,Male
931,Florian,Daintree,fdaintreepu@skype.com,Male
932,Daisy,McGruar,dmcgruarpv@nsw.gov.au,Female
933,Marley,Ramsier,mramsierpw@google.pl,Female
934,Lacie,Mayer,lmayerpx@google.co.uk,Female
935,Glenden,Mileham,gmilehampy@globo.com,Male
936,Karon,Aslum,kaslumpz@gnu.org,Genderqueer
937,Ambros,Saines,asainesq0@theatlantic.com,Genderfluid
938,Farleigh,Peer,fpeerq1@netvibes.com,Male
939,Bendicty,Mintram,bmintramq2@feedburner.com,Male
940,Nero,Feldbrin,nfeldbrinq3@squarespace.com,Male
941,Mariele,Jesson,mjessonq4@reddit.com,Female
942,Dov,Djurevic,ddjurevicq5@unblog.fr,Male
943,Dov,Wasbrough,dwasbroughq6@shareasale.com,Male
944,Caron,Clough,ccloughq7@youtube.com,Female
945,Joby,Sharrem,jsharremq8@4shared.com,Female
946,Davita,Quinnelly,dquinnellyq9@weebly.com,Female
947,Sisile,Chittie,schittieqa@economist.com,Female
948,Chevy,Pasfield,cpasfieldqb@adobe.com,Male
949,Steffie,Klimmek,sklimmekqc@netlog.com,Female
950,Zechariah,Beech,zbeechqd@zdnet.com,Male
951,Harland,Casier,hcasierqe@disqus.com,Male
952,Rosalie,Bufton,rbuftonqf@bloomberg.com,Genderfluid
953,Greg,Arger,gargerqg@europa.eu,Male
954,Willey,Sheryne,wsheryneqh@dailymail.co.uk,Male
955,Davy,Wildin,dwildinqi@biblegateway.com,Male
956,Boony,Gladstone,bgladstoneqj@howstuffworks.com,Male
957,Paxon,Crossgrove,pcrossgroveqk@sogou.com,Male
958,Willey,Malpass,wmalpassql@reverbnation.com,Male
959,Ethelin,Philipsson,ephilipssonqm@adobe.com,Genderqueer
960,Maggy,Gother,mgotherqn@paypal.com,Female
961,Germaine,Folker,gfolkerqo@youku.com,Female
962,Lydia,Wakelam,lwakelamqp@samsung.com,Female
963,Meir,Ryding,mrydingqq@wunderground.com,Male
964,Claybourne,Stiegars,cstiegarsqr@cnn.com,Male
965,Elijah,Libby,elibbyqs@myspace.com,Male
966,Binky,Boucher,bboucherqt@qq.com,Male
967,Northrop,Ascraft,nascraftqu@nifty.com,Male
968,Lorelei,Fedynski,lfedynskiqv@privacy.gov.au,Genderfluid
969,Eustace,MacCallion,emaccallionqw@nps.gov,Non-binary
970,Frederigo,Ducker,fduckerqx@webs.com,Non-binary
971,Margalit,Zanettini,mzanettiniqy@ocn.ne.jp,Female
972,Beatrix,O'Cannavan,bocannavanqz@wiley.com,Female
973,Genevieve,Ondrich,gondrichr0@wikipedia.org,Female
974,Onfroi,Spellessy,ospellessyr1@zimbio.com,Male
975,Justine,MacBey,jmacbeyr2@wiley.com,Female
976,Rog,Matej,rmatejr3@jimdo.com,Male
977,Amalie,Halshaw,ahalshawr4@weather.com,Female
978,Brinn,Fardell,bfardellr5@whitehouse.gov,Female
979,Thorpe,Teasell,tteasellr6@cisco.com,Male
980,Alano,Carp,acarpr7@reverbnation.com,Male
981,Errol,Keese,ekeeser8@chronoengine.com,Male
982,Enrico,Craufurd,ecraufurdr9@desdev.cn,Male
983,Shelby,Ales0,salesra@php.net,Male
984,Lorine,Fairbridge,lfairbridgerb@exblog.jp,Female
985,Lamond,Torrisi,ltorrisirc@topsy.com,Male
986,Tracie,Alexis,talexisrd@state.gov,Male
987,Arlena,Lewing,alewingre@dot.gov,Female
988,Monah,De Paoli,mdepaolirf@instagram.com,Female
989,Corrina,Colliver,ccolliverrg@statcounter.com,Female
990,Annabel,Humphris,ahumphrisrh@drupal.org,Female
991,Kurtis,Riveles,krivelesri@hostgator.com,Male
992,Joice,Kurton,jkurtonrj@hp.com,Female
993,Demetrius,MacGill,dmacgillrk@slideshare.net,Male
994,Arda,Bumford,abumfordrl@google.it,Female
995,Reggis,Daftor,rdaftorrm@elegantthemes.com,Agender
996,Nevsa,de Vaen,ndevaenrn@berkeley.edu,Female
997,Rosette,Cordobes,rcordobesro@google.ca,Female
998,Madonna,O'Hingerty,mohingertyrp@g.co,Female
999,Marve,Spaven,mspavenrq@cdbaby.com,Male
1000,Niven,Boomes,nboomesrr@china.com.cn,Male
